{
  "id": "pbsg3",
  "name": "Fresh Express Iceberg Garden Salad Blend",
  "slug": "fresh-express-iceberg-garden-salad-blend",
  "description": "Vegetables are parts of plants that are consumed by humans or other animals as food. the first meaning remains commonly used and is applied to plants collectively to ask all edible plant matter, including the flowers, fruits, stems, leaves, roots, and seeds. An alternate definition of the term is applied somewhat arbitrarily, often by culinary and cultural tradition. it's going to exclude foods derived from some plants that are fruits, flowers, nuts, and cereal grains, but include savoury fruits like tomatoes and courgettes, flowers like broccoli, and seeds like pulses.",
  "image": {
    "id": 1,
    "thumbnail": "/assets/images/products/p-3.png",
    "original": "/assets/images/products/p-3-m.png"
  },
  "gallery": [
    {
      "id": 1,
      "thumbnail": "/assets/images/products/p-3-1.png",
      "original": "/assets/images/products/p-3-1.png"
    },
    {
      "id": 2,
      "thumbnail": "/assets/images/products/p-3-2.png",
      "original": "/assets/images/products/p-3-2.png"
    },
    {
      "id": 3,
      "thumbnail": "/assets/images/products/p-3-3.png",
      "original": "/assets/images/products/p-3-3.png"
    }
  ],
  "quantity": 70,
  "price": null,
  "sale_price": null,
  "unit": "1 Bag",
  "tag": [
    {
      "id": 1,
      "name": "Fresh food",
      "slug": "fresh-food"
    },
    {
      "id": 2,
      "name": "Organic",
      "slug": "organic"
    },
    {
      "id": 3,
      "name": "Cilantro",
      "slug": "cilantro"
    },
    {
      "id": 4,
      "name": "Dry Food",
      "slug": "dry-food"
    }
  ],
  "product_type": "variable",
  "max_price": 40,
  "min_price": 25,
  "variations": [
    {
      "id": 8,
      "attribute_id": 3,
      "value": "12oz",
      "attribute": {
        "id": 3,
        "slug": "available-in",
        "name": "Available In",
        "values": [
          {
            "id": 8,
            "attribute_id": 3,
            "value": "12oz"
          },
          {
            "id": 9,
            "attribute_id": 3,
            "value": "24oz"
          },
          {
            "id": 10,
            "attribute_id": 3,
            "value": "36oz"
          }
        ]
      }
    },
    {
      "id": 9,
      "attribute_id": 3,
      "value": "24oz",
      "attribute": {
        "id": 3,
        "slug": "available-in",
        "name": "Available In",
        "values": [
          {
            "id": 8,
            "attribute_id": 3,
            "value": "12oz"
          },
          {
            "id": 9,
            "attribute_id": 3,
            "value": "24oz"
          },
          {
            "id": 10,
            "attribute_id": 3,
            "value": "36oz"
          }
        ]
      }
    },
    {
      "id": 10,
      "attribute_id": 3,
      "value": "36oz",
      "attribute": {
        "id": 3,
        "slug": "available-in",
        "name": "Available In",
        "values": [
          {
            "id": 8,
            "attribute_id": 3,
            "value": "12oz"
          },
          {
            "id": 9,
            "attribute_id": 3,
            "value": "24oz"
          },
          {
            "id": 10,
            "attribute_id": 3,
            "value": "36oz"
          }
        ]
      }
    }
  ],
  "variation_options": [
    {
      "id": 247,
      "title": "12oz",
      "price": 35,
      "sale_price": null,
      "quantity": "10",
      "is_disable": 0,
      "sku": "200101",
      "options": [
        {
          "name": "Available In",
          "value": "12oz"
        }
      ]
    },
    {
      "id": 248,
      "title": "24oz",
      "price": 35,
      "sale_price": 25,
      "quantity": "35",
      "is_disable": 0,
      "sku": "200102",
      "options": [
        {
          "name": "Available In",
          "value": "24oz"
        }
      ]
    },
    {
      "id": 249,
      "title": "36oz",
      "price": 40,
      "sale_price": null,
      "quantity": "25",
      "is_disable": 0,
      "sku": "200103",
      "options": [
        {
          "name": "Available In",
          "value": "36oz"
        }
      ]
    }
  ]
}